image,caption
0000000.png,Rocky mountain slope streaked with snow and Mountain ranges in the background with hazy grey sky
0000003.png,A single mountain covered with dense green trees and grey sky with dense white clouds
0000022.png,Jagged dark mountain range covered with thick white snow and blue sky with low lying white clouds
0000027.png,Low lying Mountain range covered with streaks of snow and clear blue sky with low lying white clouds
0000032.png,Jagged rocky mountain slope with green thorny bushes and blue sky with white and grey clouds
0000034.png,Dark rocky mountain covered with streaks of white snow and blue-grey sky with thick white clouds
0000035.png,Mountain slope and a peak covered in thick white snow and blue sky with thin layer of white cloud
0000036.png,A single mountain peak with covered with thick white snow and hazy grey sky with thick low-lying grey clouds
0000044.png,Rocky mountain peak streaked with snow and green trees in the base and blue sky with grey thick clouds
0000045.png,Mountain slope with snow and green grass in the middle and dense grey clouds
0000061.png,Dark rocky mountains with streaks of snow and clear blue sky
0000063.png,Dark rocky mountain peak covered with snow and white hazy sky
0000065.png,Dark mountain range covered with white snow and light blue sky with thin layer of white clouds
0000069.png,Rocky mountain basin with streaks of snow and light blue sky with dense white clouds
0000071.png,Three jagged rocky mountain peaks with snow and green bushes and light blue sky with grey clouds
0000073.png,Rocky mountain ranges with streaks of snow and clear light blue sky
0000077.png,Plain mountain with streaks of snow and rocks and dark hazy sky with thick grey clouds
0000078.png,Grassy mountain with plain fields in the base and hazy grey sky
0000080.png,Dark rocky mountain peak covered with snow and grey sky
0000081.png,Dark mountain with trees and dark sky with layers of thick grey clouds
0000096.png,Dark mountain range with green grass and trees in the base and light blue sky with scattered clouds
0000100.png,Sandy Mountain with some green trees and light blue sky with scattered white clouds
0000101.png,Dark rocky mountain slope with pine trees and hazy blue sunset sky with pink haze and grey clouds
0000110.png,A single rocky mountain peak covered with streaks of snow and some green bushes and hazy grey sky
0000111.png,A single mountain with dense green forest in the base and low lying mist and a white sky
0000124.png,Dark rocky hill ranges and low lying thick white clouds on the hills
0000131.png,Rocky mountain range with snow and pine trees in the base and blue sky and dense thick white clouds
0000149.png,Rocky grey mountain peaks with snow and dense pine forest in the base and light blue sky with thick white clouds
0000170.png,One orange mountain with green bushes in the base and light blue sky with a streak of thin grey cloud
0000182.png,A single rocky peak with green bushes and cloudy white sky
0000183.png,Rugged mountain slope with green trees and bushes and gray hazy sky with thick grey clouds
0000188.png,Rocky rounded red mountain with green bush in the base and clear light blue sky
0000196.png,A single rocky mountain peak covered with thick white snow and light blue sky with scattered thin white clouds
0000204.png,Rocky Mountain range with streaks of white snow and light blue sky and large thick grey clouds
0000205.png,Jagged mountain slope covered with snow and misty blue sky
0000207.png,A single rugged dark mountain peak with snow and hazy grey sky
0000212.png,Dark mountain slope with clear light blue night sky
0000217.png,Rocky mountain peak covered with uneve snow and clear bright blue sky
0000222.png,Rugged rocky mountain slope with snow covering the peak and green bushes in the base and clear light blue sky
0000234.png,Jagged Mountain peak with sparse green bushes on the top and light blue sky with scattered white and blue clouds
0000244.png,Mountain with a rounded peak covered uniformly with green grass and light blue sky with thin white clouds and the sun
0000256.png,Dark mountain slope with an orange tinted sky with a white cloud
0000257.png,Rugged mountain peaks with greenery in the base and thick and large grey clouds over it with light blue sky
0000258.png,A rocky mountain peak with uneven snow and clear light purple sky
0000259.png,Rocky mountain peak with dense green vegetation and light blue sky with a white cloud
0000263.png,Snow capped rugged mountain range and a snow covered mountain slope and hazy grey sky with dense grey clouds
0000268.png,Two red tinted rocky mountain peaks covered with streaks of white snow and light blue sky with large white and grey clouds
0000280.png,Dark Mountain basin with white snow in the middle and dense greenery around it and thick low lying white clouds on the peak
0000285.png,Rocky mountain peak covered with snow and hazy sky with thick grey clouds
0000298.png,Dark rocky mountain covered unevenly by white snow and gravel and hazy sky with thick grey clouds
0000299.png,Dark rocky mountain covered with streaks of snow and grey sky with scattered white clouds
0000303.png,Flat mountain top with thick green forest in the base and clear dark teal sky with a layer of dense white clouds
0000311.png,Rocky mountain range with sparse green vegetation around it and bright blue sky with scattered white clouds
0000315.png,Rounded mountain tops covered with streaks of white snow and blue sky with dense and large white clouds
0000322.png,Dark rocky mountain peak with uneven snow and clear light blue sky
0000336.png,Green mountain slope covered with thick green trees and light blue sky with layers of grey clouds
0000339.png,Rugged mountain peak with gravel and a hazy sky with large grey clouds
0000343.png,Dark Rocky mountain peaks covered with streaks of snow and hazy sky with large grey and white clouds
0000347.png,snow capped rocky peak with clear blue sky
0000367.png,A dark rocky peak unevenly covered with white snow and low lying dense white clouds on the top
0022500.png,Green hills with pine trees and hazy sky
0022504.png,rocky hills with light blue sky
0022508.png,Green rocky hills with white clouds and blue sky
0022509.png,Snow capped mountain range
0022515.png,Rocky hills with streaks of white snow
0022521.png,Three rocky mountain peaks with snow and clear light blue sky
0022523.png,Stoney mountains with sparse vegetation and clear blue sky
0022526.png,Two sharp snow capped mountains with scattered white clouds
0022527.png,Green hill with dense low lying white clouds
0022530.png,A Mountain valley with orange sky
0022532.png,Dark rocky mountain with light pink clouds and blue sky
0022541.png,Snow capped Mountain range with grey hazy sky
0022545.png,Blue rocky mountain range with clear dark blue sky
0022547.png,Single dark snow capped mountain with dark grey sky
0022551.png,A single rocky peak with streaks of snow and blue sky scattered with light blue sky
0022556.png,Snow capped mountain peak with pink-grey hazy sky
0022562.png,A red sandstone mountain with bright blue sky and thick white clouds
0022563.png,A hill with dense green trees and bright blue sky
0022564.png,Dark hill ranges with grey hazy sky
0022566.png,Rocky Snow capped mountains with green bushes in the base and clear light blue sky
0022570.png,Rocky Mountains with green pastures and grey cloudy sky
0022571.png,A single weathered rocky peak with clear light blue sky
0022576.png,Dry sandy mountain range with hazy blue sky
0022579.png,Snow streaked mountain with green trees and thick cloudy sky
0022580.png,layered orange mountain side with bright blue sky
0022584.png,Sedimentary grey mountain range with dense green bushes in the base
0022586.png,Dark mountain ranges with a clear sky and a layer of white cloud
0022587.png,Snow capped jagged mountain peaks with orange trees and light blue sky with scattered white clouds
0022588.png,A Snow capped mountain with clear light blue sky
0022592.png,Dark mountain range along with a single peak with orange hazy sky
0022593.png,Snow capped rocky mountain peaks and a light blue sky with scattered white clouds
0022595.png,A weathered down grey rocky peak and blue hazy sky with thick grey clouds
0022596.png,A hill covered with dense green trees and bushes and hazy sky with a grey cloud on the hill
0022598.png,Sharp snow cladded mountain peaks with dry vegetation and dark blue sky with thick dark grey clouds
0022599.png,A mountain amongst a pine tree forest in snow with clear light blue sky
0022606.png,Snowy mountain trail with clear light blue sky
0022607.png,Four snowy mountain peaks and white sky covered with thick white clouds
0022608.png,Rocky mountain edge with yellow-green trees and hazy grey sky with grey clouds
0022610.png,Rocky Mountain slope with gravel and spare green bushes and light blue sky with thick grey clouds
0022611.png,Snowy Mountain peak with a hill range covered in orange moss and hazy sky covered with thick grey clouds
0022613.png,Grey rocky mountain table top with clear light blue sky
0022616.png,Snow capped mountain peak with no vegetation and clear blue sky
0022617.png,Low lying mountain ranges covered with dense green trees and bright blue sky with scattered thick white clouds
0022619.png,Tall Mountain peak surrounded by pine trees with a dense grey cloud cover
0022623.png,Low lying hill range covered with green grass and a light blue sky with a layer of low lying white clouds
0022626.png,Rocky snow basin without any vegetation with clear blue sky
0022627.png,Snow Capped mountain peak covered with brown grass and a hazy light blue sky
0022632.png,Mountain Slope covered with dense green grass and low lying thick white clouds and hazy sky
0022634.png,Snow cladded sharp peak with clear sky
0022642.png,Ragged orange mountain peaks with sparse green grass and hazy light blue sky
0022645.png,Rocky Mountain slope with streaks of snow with the sun light hitting the peak and clear blue sky
0022646.png,Blue hill range dense green vegetation and light blue sky with thin white clouds
0022651.png,Snow capped rocky mountain peak surrounded with pine trees and thick white low lying clouds
0022656.png,Rocky rounded mountain covered with dense green bushes and blue sky scattered with thin white clouds
0022657.png,Snow capped rocky mountain peaks with sparse green bushes and clear blue sky
0022658.png,Snow streaked rocky mountain peaks surrounded with pine trees and low lying thick white clouds and bright blue sky
0022661.png,Mountain slope covered with snow and grey fog
0022665.png,Jagged mountain peaks with a mountain slope covered in green vegetation and hazy sky filled with thick grey clouds
0022666.png,Snow streaked mountain with green pine trees and light blue sky filled with thin white clouds
0022668.png,Two snow capped mountain peaks with a mountain slope covered with green trees and clear light blue sky
0022672.png,Dark Mountain with blue-grey sky and trails of white and orange clouds with the sun
0022673.png,A mountain valley covered in white snow with clear light blue sky
0022674.png,A rugged mountain surrounded by tall green trees and hazy light blue sky
0022675.png,Rugged dark rocky mountain peaks covered with thick snow and low lying thick white clouds
0022684.png,Low lying dark mountain range covered with light snow and pine trees and light blue- grey hazy sky
0022688.png,Dark rocky peaks with the base covered in white thick snow and hazy white sky
0022690.png,Rocky rounded mountain peak covered with green grass and trees with clear blue sky
0022696.png,Sandy mountain covered with green vegetation and clear light blue sky
0022699.png,Rocky yellow rounded mountain peak with light blue sky covered with thin grey clouds
0022714.png,Rocky mountain slope with jagged mountain rage and blue sky covered with thick white-grey clouds
0022716.png,Layered mountain with no vegetation and light blue night sky filled with stars
0022718.png,Two snow capped rocky mountain peaks with light pink-blue clear sky
0022728.png,A single snow covered mountain peak covered with pine trees and pink hazy sky with grey clouds
0022736.png,A single rocky peak covered in sunlight and light blue hazy sky covered with thick grey clouds
0022738.png,Low lying mountain range covered with green vegetation and clear light blue sky
0022740.png,Rocky layered grey Mountain range covered with sparse vegetation and blue sky with spotted thick white clouds
0022741.png,Rocky mountain range covered with dense green vegetation and cloudy grey sky
0022744.png,Rocky mountain slope streaked with white snow and clear light blue sky
0022748.png,Low lying orange sand hills with dark green bushes and dark blue sky with thick white clouds
0022751.png,Rocky white mountain peaks covered with green bushes and low lying thin white clouds
0022754.png,Grey Rocky mountain with gravel and snow surrounded with green vegetation and hazy grey sky
0022755.png,Rocky Mountain streaked with snow and clear light blue sky
0022756.png,Dark soft mountain ranges and light blue sky with sparse white clouds
0022759.png,Rocky Red stone mountain and clear blue sky
0022763.png,Jagged snow capped mountain peaks with no vegetation and clear light blue sky
0022764.png,Valley covered with dense green trees and low lying mist with clear light pink sky
0022767.png,Snow covered mountain slope with a few Pine trees and Low lying thick white clouds
0022771.png,A snow capped mountain peak covered with thick white clouds and a blue sky
0022773.png,Rocky mountain range with no trees and clear light blue sky
0022774.png,A rocky mountain peak covered with green trees and light blue sky with few scattered white clouds
0022779.png,Jagged rocky mountain slope with low lying dense white clouds
0022781.png,Mountain range covered with green vegetation and light blue sky with thin layers of white clouds
0022783.png,A rocky mountain peak covered with snow and hazy grey sky with thick grey clouds
0022788.png,Rocky mountain range with snow and no vegetation and light blue sky with thin white clouds
0022791.png,Green hill ranges covered with trees and grass and blue sky with scattered dense white clouds
0022793.png,Rocky jagged mountain range with few dark orange trees and light orange sunset sky with white cirrocumulus clouds
0022796.png,A green mountain covered with trees and mountain ranges with hazy blue sky
0022799.png,Snow capped rocky peak covered with low lying dense white clouds and grey sky filled with grey clouds
0022801.png,Jagged rocky mountain range with green trees in its base and blue grey sky with thick grey clouds
0022805.png,Rocky dark mountains covered with streaks of snow green trees and low lying thick white clouds
0022808.png,Mountain slope and orange and blue sunset sky
0022812.png,Rocky mountain covered with snow and bushes and clear blue sky
0022813.png,Rocky mountain peak covered with snow and green trees in the base of the mountain with a light blue sky filled with dense grey clouds
0022819.png,Rocky mountain peak covered in snow and clear blue night sky
0022828.png,Rocky mountain plateau with green tress in the base and clear coral blue sky
0022832.png,Sandy mountain scattered with rocks and blue sky scattered with dense white clouds
0022833.png,Orange rugged mountain and clear blue sky
0022839.png,Rugged snow capped mountain ranges with clear night blue sky
0022840.png,Green mountain covered with trees and light blue sky with grey clouds
0022853.png,Mountain covered with dense tree thicket in the base and light blue sky with a layer of thin white clouds.
0022860.png,Rocky mountain covered with snow and the peak is covered by grey-white clouds
0022862.png,Red mountain peak with green bushes at the base of the peak and blue sky with thick white clouds scattered
0022864.png,Mountain Slope covered with green bushes and rocky mountain peaks covered with snow
0022868.png,Slate Mountain range with green thorny bushes and blye sky scattered with thin white cloud
0022873.png,Snow capped rocky mountain peak and blue sky with thick white clouds
0022875.png,Low lying mountain range covered with thick white clouds and green trees and snow capped rocky mountain ranges
0022877.png,Snow capped Mountain with pine trees in the base and clear light blue sky
0022880.png,Mountain slope and orange sunset sky with scattered with grey clouds
0022886.png,Snow capped mountain peak with green trees in the base and clear light blue sky
0022892.png,Rocky mountain peak and light blue sky with scattered thin white clouds
0022916.png,Rocky mountain range covered with low lying clouds and green trees and light blue hazy sky
0022917.png,Snow capped rugged mountain range with clear blue sky
0022925.png,Rocky mountain range with streaks of snow and pine trees and hazy white sky
0022926.png,Jagged rocky mountains with pine trees in the base and clear light blue sky
0022928.png,Low lying valley mountain range covered with dense forest and light blue sky with thin layer of white clouds
0022936.png,Snow capped rocky mountain peaks with pine trees in the base and clear light blue sky
0022941.png,A single mountain peak covered with thick green bushes and blue sky with white clouds
0022952.png,Sandy Mountain slope covered with green bushes and clear blue sky
0022954.png,Rocky mountain range covered with white snow and clear blue sky
0022956.png,Rugged mountain peaks covered with green grass and light blue sky scattered with thick white clouds
0022967.png,Dark mountain slope and snow capped peak and hazy light blue sky with a layer of grey clouds
0022970.png,Rocky mountain peak covered with green trees and teal sky with white clouds
0022974.png,Snow capped mountain range and hazy grey sky
0022979.png,Blue mountain ranges with streaks of snow and clear coral blue sky
0022988.png,Rocky mountain peaks covered with snow and pine trees in the base of the mountain with hazy grey sky scattered with grey clouds
0022993.png,Snow capped rocky peaks with dense green forest in the base and clear blue sky
0022997.png,Dark rocky mountain peak covered in snow and hazy grey sky
0022998.png,Sandstone jagged mountain peaks covered with trees and hazy sky
0023004.png,Snow capped rocky mountain range with green trees in the base and bright blue sky with dense white clouds
0023011.png,Jagged mountain peaks with streaks of snow and green trees and hazy sky with dense grey clouds
0023012.png,Mountain with loose gravel and clear blue sky
0023017.png,Snow capped rocky mountain peak with purple cloudy sky
0023039.png,Two rocky mountains with snow in the middle and green grass in its base and hazy white sky
0023043.png,Snow covered rocky mountain range with gravel and hazy grey sky
0023044.png,Rocky mountain slope fully covered with white thick snow and clear light blue sky
0023055.png,Dark hill range with trees and dark sky filled with dense dark grey clouds
0023106.png,A single rocky peak with mountain slope and clear light blue sky
0023107.png,Snow streaked mountain range with green pine trees and hazy blue sky with scattered white dense clouds
0023134.png,Rocky mountain slope with green pine trees on the top and grey hazy sky
0023141.png,Mountain slope covered with green grass and hazy white sky with low lying clouds
0049997.png,Dark mountains with no vegetation and orange clouds
0050000.png,Green mountains with green vegetation and few clouds
0050001.png,Stone mountains covered with snow and pine vegetation and cloudy sky
0050002.png,Stone mountains with snow and no vegetation and one cloud
0050006.png,Rock mountains surrounded with snow and clear sky
0050008.png,Rugged mountains with slight green vegetation and scattered clouds
0050009.png,rock mountains surrounded with sand and clear sky
0050011.png,Jagged mountains surrounded with pine trees and plants and has clear sky
0050012.png,Snowy mountains with less green plants and plain blue sky
0050013.png,Mountains covered with snow with few trees and cloudy sky
0050032.png,Sharp Stone mountains with no green vegetation and clear blue sky
0050043.png,Snow covered mountain range with golden cloudy sky
0050044.png,Snow capped mountains with pine trees around it and layered clouds
0050052.png,Rocky Mountains surrounded with green patch of vegetation and a dense cloud in blue sky
0050053.png,Steep Stone mountains covered with snow and A dense cloudy sky
0050054.png,Mountain ranges with snow caps and surrounded by grass-like vegetation and clear blue sky
0050064.png,Green mountain ranges surrounded with patchy green plants and dense cloud cover
0050065.png,Smooth faced Stone mountains with pine trees at the foot and clear blue sky
0050066.png,Sharp snow capped mountains with tall pine trees in front of it and low lying wavy clouds
0050072.png,Short mountain ranges with no vegetation and surrounded by sand with partial cloud cover
0050074.png,Peaks of snow capped mountains surrounded by snow and misty clouds
0050077.png,Rugged stone mountains with barely any vegetation and clear blue sky
0050083.png,Smooth faced stone mountains with grass like plants at the foot and very dense cloud cover
0050101.png,jagged stone mountain range with Pine like trees and partially scattered clouds
0050118.png,Sharp rock mountains with dense pine forest cover and thick clouds
0050127.png,Mountains covered with pine vegetation and scattered clouds
0050138.png,Stone mountain ranges in the background with grass field in front with Dense scattered clouds
0050140.png,Tall snow capped mountains with low lying clouds
0050142.png,Smooth rocky mountain with pine trees and Dense white clouds
0050149.png,Smooth layered brown mountains with grass at the foot and cloudy sky
0050164.png,dark mountains with trees and vegetation and a partially cloudy golden sky with sunrise
0050166.png,Lush green mountains with dense vegetation and clear blue sky with a misty horizon
0050175.png,Sharp Stone mountains with lush green vegetation and pine trees at the foot and scattered dense clouds
0050178.png,Rugged brown mountain with no vegetation and one dense cloud in the clear blue sky
0050184.png,Stone mountains with jagged peaks and greens trees at the foot and a clear blue sky
0050187.png,grey jagged peaked mountains with slight vegetation and clear blue sky
0050190.png,Brown mountains with green vegetation at the foot and a partially cloudy sky
0050200.png,Sharp peaked dark mountains with no vegetation and dense white clouds
0050206.png,Stone mountains with serrated peak and dense pine trees and clear sky with one cloud
0050209.png,Smooth faced stone mountains with pine trees at the foot and partially cloudy sky
0050214.png,green faced mountains with lush green plants and white clouds at the peak
0050215.png,dark mountain with bushy plants and few trees spaced apart and dense cloud line
0050217.png,jagged peaked mountains with snow and pine trees around them and clear shiny sky with the sun
0050225.png,snow coated mountains with pine vegetation on it and a dense cloud cover at the peak
0050231.png,snow capped mountain with partial green vegetation and partially clear blue sky
0050234.png,white jagged stone mountains with pine vegetation and clear blue sky
0050238.png,sharp rugged mountains with no vegetations and misty clouds
0050247.png,grey smooth faced stone mountains with pine trees and grass at the base of the mountains with a clear blue sky
0050248.png,stone mountains with snow streaks on it with vegetation on the base and dense white clouds
0050272.png,mountains covered with dry vegetation and clear blue sky
0050279.png,mountains covered with bushes and spaced out planted trees in front of it with dense white cloud cover
0050283.png,snow capped mountains with misty clouds and blue sky
0050284.png,dark mountain with a grassland in front of it and scattered dense clouds
0050299.png,light brown mountains with sunlight on its face and partially cloudy sky
0050302.png,snowy mountains with blue cloudy covered sky
0050311.png,mountain ranges covered with dry vegetation and partially cloudy sky
0050314.png,rocky grey mountains with branched trees and clear blue sky
0050315.png,snow coated mountains with low lying clouds
0050319.png,mountains covered in snow and sky covered with dense clouds
0050320.png,brown mountains with pine vegetation surrounding it and partially cloudy sky
0050322.png,Mountain peaks behind a savannah of yellow vegetation and partially cloudy sky
0050323.png,white mountains with dry vegetation and clear blue sky
0050328.png,rugged mountains with green vegetation on it with dense white clouds
0050332.png,brown rocky mountain with clear bright sky
0050334.png,rugged stone mountains with clouds towards the horizon and a clear sky
0050352.png,mountains with snow with dry vegetation and dense white cloud cover
0050357.png,grey stone mountains with partially cloudy sky
0050362.png,brown mountain peaks with patchy green vegetation with partially dense clouds
0050365.png,stone mountains with green trees and dense vegetation with partially cloudy blue sky
0050367.png,snow capped mountains with dark blue clear sky
0050368.png,stone mountains with pine vegetation on them and blue sky with clouds shining with sunlight
0050370.png,brown desert like mountain region with clear sky
0050371.png,mountain covered by the shadow and the sky is clear blue
0050373.png,mountains covered with grass and stones and partially cloudy blue sky
0050375.png,ice capped mountains with dense grey clouds
0050376.png,brown rocky mountains with grass fields ahead and clear blue sky with misty clouds
0050380.png,mountain ranges in the background with pine trees in the front and white cloudy sky
0050385.png,Mountain covered in ice and light teal sky
0050392.png,stone mountains covered in bushes and green vegetation around it and clear white sky
0050394.png,Steep rugged stone mountain with patchy vegetation on it and blue sky with misty clouds
0050396.png,grey mountains with patchy vegetation towards it foot and clear blue sky
0050397.png,white flat faced mountains with rocky base and white scattered clouds
0050407.png,dark snow capped mountains with patch vegetation on them and pine trees at the bottom and dense white clouds
0050410.png,mountains with lush bush and pine trees in front of it and clouds around its peak and a blue sky
0050414.png,snowy mountains with ridges over it and misty sky
0050419.png,brown mountains with steep smooth face and jagged peaks and cloudy blue sky
0050421.png,mountains covered with green plants and green trees around and clear blue sky
0050452.png,steep mountainside cliff with a smooth face and a grass valley in between and blue cloudy sky
0050456.png,snow capped mountain peaks with its body covered in shadow and lots of green plants near it
0050459.png,mountains covered in greenery and the base of the mountains is rich in green vegetation the sky is blue with minimal clouds
0050462.png,white snow mountains with autumn vegetation and blue sky with a dense cloud
0050465.png,brown mountains with a valley like formation and dry desert vegetation around it and green vegetation further in front of it and the sky is light blue
0050471.png,steep light grey mountain with a smooth surface on the base and rugged towards the peak with cloudy blue sky
0050479.png,sharp peaked grey mountains with snow  and grey cloudy sky
0050486.png,rocky mountains with slight patchy green vegetation and clear blue sky
0050495.png,rocky mountain covered with green grass and bushes and low lying clouds below the peak
0050498.png,snow capped mountain with shadow fall covering its base and dense white clouds above it
0050519.png,sandy mountains surrounded by cactus and desert vegetation with clear blue sky
0050525.png,white snow covered mountains with slight shadow at the base and dark blue night sky
0050536.png,brown rugged layered mountains with a valley of dry vegetation in between and blue sky with lots of misty clouds
0050546.png,snowy mountain range with light blue sky with misty clouds
0050547.png,Mountains covered in moss like vegetation and cloudy sky
0050550.png,stone mountains with jagged peaks covered in snow and smokey grey clouds
0050556.png,snowy white mountains with hazy blue sky with clouds
0050567.png,mountains with patchy green vegetation and blue clouds scattered across the sky
0050572.png,mountain peaks with layered body and clear blue sky
0050574.png,ice capped green mountains covered with dense pine vegetation and dry vegetation at the base and clear blue sky
0050585.png,mountains with jagged peaks covered in snow and green grass surrounding it and white cloudy sky
0050594.png,mountains covered by misty clouds surrounded by pine trees and white hazy sky
0050596.png,rocky mountains with snow on them with a pine tree and blue sky with misty clouds
0050605.png,snowy mountain range with misty blue sky
0050618.png,brown mountains with rounded peak and desert vegetation and send at the base with blue sky with scattered clouds
0050621.png,green mountains covered by lush green vegetation and some trees and blue sky
0050631.png,brown mountains with green bushes at the base and blue sky with scattered clouds
0050632.png,mountains covered in snow and pine trees with clear blue sky
0050649.png,snowy mountains with a route leading to them and a clear blue sky
0050655.png,mountain peaks with dense cloud cover under them and clear blue sky
0050658.png,snow capped brown mountains with shadowfall covering their body and peach tinge sky
0050668.png,snow covered mountains with blue sky with dense white clouds
0050670.png,brown jagged peaks with dry desert vegetation with blue sky with scattered clouds
0050692.png,mountains with jagged surface covered in snow and pink sky with few clouds
0050697.png,brown mountains with pine trees covering the entire base and cloudy blue sky
0050701.png,brown mountains with green bushes surrounding it and white sky with clouds
0050712.png,rocky mountains with jagged surface covered in green patch vegetation and clear white sky
0050719.png,brown mountains with a valley covered in patchy green vegetation and dense clouds in blue sky
0050732.png,snow capped mountains with dry grassy vegetation and light blue sky with clouds
0050733.png,rugged brown mountains with blue sky and layered white clouds
0050734.png,white mountains with some trees on them and golden sky  with layered white clouds on them
0050739.png,green mountains with lush green bushes and trees around it  with blue sky with scattered clouds
0050745.png,brown mountains with patchy dry vegetation and dense white clouds
0050746.png,brown mountains with slight snow on them and blue sky
0050757.png,grey mountains with smooth faces with a valley of dense pine vegetation and cloudy white sky
0050762.png,mountains with pine trees at the foot and a grass field before and clear blue sky
0050765.png,snowy white mountains white pure white sky with low lying clouds
0050773.png,rocky mountains with pine trees at the base with a field of brown grass and clear blue sky
0050784.png,mountains covered in snow with pine trees around it and cloudy blue sky
0050790.png,rocky rugged mountains with slight snow and lots of trees around it with misty clouds in pale blue sky
0050793.png,brown mountains with dry vegetation over it and clear blue sky
0050801.png,steep rocky mountains with pine trees over it and dense white clouds in blue sky
0050805.png,grey mountain with empty field in front of it and blue sky with few clouds
0050809.png,snow capped mountains with patchy green vegetation with pine trees and dense white clouds near the peak
0050810.png,white snow covered mountain with pine trees on it and white cloudy sky
0050824.png,white mountains covered with dense pine trees and blue sky
0050868.png,snow capped mountains with jagged peaks with sunset orange sky
0050895.png,rocky rugged mountains with dense white clouds near its peak
0050901.png,snowy mountains with pine trees around it with clear blue sky
0050903.png,rugged mountains with patchy green vegetation on it with scattered dense clouds
0050911.png,brown mountain with rugged rocky terrain  and some snow on it with dense cloudy sky
0050928.png,mountains covered in pine trees and hazy violet sky
0050932.png,steep grey mountain covered in green patchy vegetation and surrounded by pine trees at the base and a cloudy white sky
0072501.png,hills covered with trees and blue sky
0072504.png,greeny hills with clear clouds and sky
0072506.png,light blue sky with rocky mountain
0072510.png,rocky mountain with sunny sky
0072513.png,clear blue sky with cloudy mountains
0072517.png,rocky hills with blue sky
0072519.png,hills covered with grass and clear sky
0072522.png,white clouds with dark mountains and white sky
0072524.png,hills covered with fog and cloudy sky
0072530.png,light blue sky with clouds
0072531.png,dark hills with scattered clouds and blue sky
0072535.png,big mountain covered with green moss and plane sky
0072536.png,hills covered with snow and plane sky
0072544.png,rocky hills with clear clouds and blue sky
0072549.png,orange blue sky with big mountain
0072551.png,dark hills covered with grass
0072555.png,three mountains with cloudy sky
0072556.png,hill with green trees and blue clouds and sky
0072581.png,grey mountains with scattered clouds and plane sky
0072590.png,A single mountain stands amidst the lush green grass surrounded by nature's beauty.
0072600.png,Towering peaks reach towards the sky surrounded by fluffy white clouds
0072603.png,The soft blanket of snow enhances the natural majesty of the mountains.
0072613.png,The union of rugged peaks and lush forests and white sky
0072621.png,grey sand mountains with small trees and cloudy sky
0072650.png,black hills with scattered clouds and clear sky
0072651.png,a single hill with light blue sky
0072652.png,standing mountains with green moss and clear sky
0072654.png,pinkish blue sky scattered clouds
0072661.png,pair of mountains with dense forest and clear sky
0072672.png,big sand mountain covered with small trees and blue sky
0072674.png,big rocky mountain with plane surface and white cloudy sky
0072675.png,single hill covered with little snow and light blue sky
0072680.png,continuous mountains with greeny grass and plane clear sky
0072692.png,big rocky red mountains with clear sky
0072694.png,mountains covered with snow
0072706.png,huge mountains covered with yellow green moss
0072708.png,blue sky with gey clouds
0072709.png,clear light blue sky with grey mountains
0072719.png,clouds with pale yellow mountains
0072845.png,grey hills with small rocks nearby
0072849.png,green grass mountains with clear sky
0072853.png,pink sky with a distant mountain
0072868.png,mixture of cement and grey colour mountains
0072870.png,snow covered with top of mountains with long trees around
0072871.png,big horizontal mountain with green sky covered with white clouds
0072875.png,sky blue sky with scatter clouds and big mountain
0072875.png,huge sandy mountains with clear sky
0072879.png,green hills with foggy atmosphere and cloudy sky
0072881.png,orange sky with ash clouds and plane sky
0072888.png,sun kissed mountain with white clouds
0072889.png,rocky mountains with no vegetation and clear sky
0072890.png,big sand mountain with small clouds in the sky
0072891.png,small green mountains in the forest with blue sky
0072893.png,ash colour hills near the forest with healthy atmosphere
0072896.png,snow coated black hills in hilly area
0072901.png,snow capped peak with white sky
0072905.png,A single green mountain peak with white clouds and sky
0072918.png,huge mountain with little snow with dark clouds and sky
0072930.png,dark violet sky with orange clouds and sky
0072933.png,small hills at distant with huge white clouds
0072947.png,green mosh mountain with scattered clouds
0072967.png,A huge dark mountain peak in dull light
0072969.png,rigged mountains with dense grass around
0072973.png,orange sky with dark clouds
0072974.png,A single peak top coated with snow and trees below
0072976.png,small mountain with green vegetation and blue sky
0072999.png,dark hills capped with snow at long distance with dark blue sky
0073002.png,brown mountain with dry vegetation
0073028.png,black hill with dull light with green vegetation
0073032.png,scattered mountains with green vegetation and cloudy sky over it
0073037.png,big hill with green mosh on it
0073045.png,red horizontal mountain with sandy climate
0073046.png,dark mountains with green vegetation on daylight
0073049.png,black mountains covered with light yellow grass
0073057.png,snow mountains at distance with grey cloudy sky
0073058.png,black snow mountains with blue atmosphere and thick clouds
0073060.png,plane slant hill with green vegetation
0073074.png,mountains with dull light giving shadows with yellow sky
0073075.png,stright order mountains with green grass covered around with it
0073081.png,snow mountain with orange atmosphere
0073086.png,cement colour rocky mountain with pine trees near mountains
0073091.png,mountains with huge forest around it in dull light and white sky
0073093.png,dark mountains with long distance and plane grassland
0073094.png,white clouds with huge mountains in green vegetation
0073099.png,rocky mountains in a desert area with small hills around
0073097.png,rugged stone mountains with pine trees with plane sky
0073103.png,shadow mountains with yellow light vegetation
0073105.png,dark mountains with barely any vegetation and plane sky
0073106.png,A single mountain peak with green grass land and blue sky
0073112.png,two pairs of dark mountains with white sky
0073113.png,little snow mountains around pine trees and clear sky
0073114.png,huge mountain with green vegetation and cloudy sky
0073116.png,shadow hills with foggy atmosphere and orange sky
0073121.png,snow capped mountains with violet sky and orange patches
0073125.png,grey mountains with green grass land and clear clouds in blue sky
0073127.png,greeny hills with white fogg in green forest of pine trees and clear sky
0073139.png,brown rock scattered hills and clear sky
0073149.png,snowy mountains with white cloudy sky
0073152.png,sandy mountains with greenland and dark blue sky and blue clouds
0073172.png,rocky mountains with barely no vegetation and blue sky above it.
0B4P86RS4273.jpg,snow capped hills with dry vegetation and the sky is clear and light blue
0B26GI0K05BX.jpg,small hill surrounded by pine trees and the sky is blue and clear
0C6IC6BPIH6N.jpg,mountains covered in snow behind yellow fields and the sky is blue with scattered clouds
0CERZS7PORRN.jpg,lushy green mountains with a clear blue sky with scattered clouds
0FKVBLPAOPGS.jpg,hills covered with greenery and a blue sky which is clear
0GCFH0SQALYH.jpg,colourful mountain peaks and the sky is mildly cloudy
0JKHS2RTFXS8.jpg,a road leading to green mountain range and the sky is clear blue
0LAFUYXDHFOS.jpg,snowy mountains and semi-baren vegetation and the sky is partially clear and blue
0O6Y0KZWFW09.jpg,the mountain is covered in snow and has pine trees around it and the sky is light blue with one big cloud
0QTEJOJ004PV.jpg,icy mountains covered with snow and pine trees with a completely clear light blue sky
0QY19OA99006.jpg,black mountains with snow on top and a blue sky with no clouds
0RUD5KV988MJ.jpg,green pine covered mountain ranges where the sky is foggy and white
0SUMMO61WLH5.jpg,a mountain with lots of lush green vegetation where the sky is pretty and blue
0SW8P24R7P6W.jpg,mountains range covered with snow with a slight yellow and blue clear sky
0T23O5WY3PPS.jpg,a single rocky mountains surrounded by greenery and a clear and blue sky
0UPDPZ1BZDOC.jpg,brown mountains with rugged peaks with an off white sky with some clouds
0W4R84FA7AK7.jpg,a mountain with pointy peaks and pine forest vegetation around it and a blue sky with thick clouds
0YUGWKF89K6G.jpg,black mountains with really sharp peaks and green vegetation and the sky is blue with some clouds
0ZHH1YNH9YQJ.jpg,stone grey mountain with pine trees around it and the sky is blue with scattered clouds
1A4Y75CC6NWP.jpg,mountain ranges which are grey and have rocky surroundings with a white sky covered with clouds
1ASL986U9L2W.jpg,mountain ranges covered with ice and pine trees where the sky is cloudy and white
1B8PEPXACAB0.jpg,white mountains surrounded by snow with a slight blue sky with veil like clouds
1C8BHW8SRI69.jpg,dark mountains with patchy vegetation and the sky is pure white with thick cloud cover
1DPFITOFKQO7.jpg,grey rock mountains with the horizon and the sky is blue and clear
1DTQ4HXF79I1.jpg,mountains covered with green plants and the sky is bright and sunny
1FDM4RMXXZ5D.jpg,there is slight green vegetation with mountain range in the background and the sky is slightly blue
1GDS2ROKAING.jpg,green mountains with three layers and the sky is white
1GEIYD23XUD9.jpg,stone mountains with ice on top and surrouned with greenery and a blue sky with scattered clouds
1GZO01FY008D.jpg,sharp peaked mountains with brown vegetation and plants in the front and a cloudy sky with dense cloud cover
1IJTITPV37CD.jpg,a huge stone mountain with a pine tree in the front and the sky is dull yellow and has lot of clouds
1JE2YGOVQTRA.jpg,mountain range covered with vegetation and a light blue sky with lots of scattered clouds
1KBWZKP2D7AX.jpg,ice caped mountains with green and brown grassland in front with a light blue and clear sky
1LUWQ98XZXRN.jpg,mountains covered ith snow and pine trees and the sky is very light blue with no clouds
1M51UEAQ8WHS.jpg,yellow mountains with dry vegetation with a blue sky with scattered clouds
1N1IFVCSM4JE.jpg,sharp snowy mountain peak with orange sunset sky with a tinge of blue
1OSPAMJON6A8.jpg,a huge green mountain surrounded by lush green plant life with a beautiful clear blue sky
1QEZOKTP3Y16.jpg,a light brown golden mountain with a sandy texture and a clear blue sky with the horizon
1REDQ48TN452.jpg,lush green mountain range with a beautiful blue sky with no clouds
1RRUUJ3IKPAU.jpg,green mountain range with a snow capped mountain in the background with light blue sky with clouds
1SM2VVAIVTL0.jpg,mountains surrounded by lush vegetation and the sky is blue and has lots of clouds
1SRUP1JCUHTC.jpg,mountain range covered with greenery with a clear blue sky with no cloud cover
1TXYX9OHVLW2.jpg,valley of two mountains which are green and the sky is blue with scattered dense clouds
1U6X5OBTJUHC.jpg,stone mountains covered with green moss like plants and the sky is white with cloud cover
1USE7381S6LN.jpg,steep sloped mountains covered with snow and pine trees and the sky is white and full of clouds
1VLABRRDZLEM.jpg,rugged stone mountain with no vegetation with a blue sky with a veil like cloud
1Y8GS9LBDZFV.jpg,snow covered mountains with pine vegetation and the sky is sunset orange has layers of clouds
1ZLIKTB97WA5.jpg,layers of mountains covered with dense pine forests and the sunset sky is bright golden orange with a few clouds
1ZVHW5633FB3.jpg,rock like mountains covered with some grass like plant and a plain blue sky
02WHULI8FWF4.jpg,mountains partially covered with green vegetation forming a valley and the sky is mostly white with clouds
2BCI0NOGQTTK.jpg,stone mountain in the middle of a green forest and the sky is very clear and light blue
2BMRMZT8DXMG.jpg,pine forest with sonw capped mountains in the background and the sky is bright blue with dispersed clouds
4Q5EW26PDKSO.jpg,dark hills covered with snow with a clear light blue sky
4QV9FSK61YSW.jpg,rocky hills with yellow fields and a clear dark blue sky
4SAKVQYBLDHZ.jpg,dark snowy hills with trees and a cloudy white sky
4SBVGFQ72QM2.jpg,green hills with dense trees with a light blue sky with scattered clouds
4SOGFSE8M4FJ.jpg,rocky hills with streaks of snow with a clear dark blue sky
4T11MCO0LX3B.jpg,two layers of hills covered with trees and a light blue sky with puffy grey clouds
4TXI1F8Y36IK.jpg,low lying hill covered with grass and with a dark blue sky with streaks of white and puffy clouds
4VTQQVEDOM5Q.jpg,rocky hill mostly covered with snow and a layer of trees with a grey hazy sky
4WMHYJX77PBL.jpg,single hill covered with green moss and a light blue sky covered with white clouds
4X62VSNPQOFW.jpg,rocky hill covered with green bushes with a clear white sky
4YZJ68HATMPF.jpg,two layers of hills on a rocky terrain and a clear light blue sky with a white horizon
05LE82SEXUO0.jpg,blue hills along with a hill covered with green moss with a blue sky covered with white puffy clouds
5A13SHIAQ36T.jpg,rocky snow capped hills with peaks and a light blue sky with thin lines of cloud
5A536126RH0I.jpg,green mossy hill with green bushes and a light blue sky scattered with white clouds
5AIZ0TC6DOB2.jpg,dark rocky hill covered with snow and a grey sky covered with thin grey clouds
5AS7DWKO5TEP.jpg,snow capped rock hill with a clear blue sky
5B9BGQYGD3Y7.jpg,dark rocky hill covered with green moss and a blue sky with a line of white clouds in the horizon
5DFQVK29GV2U.jpg,sandy hill covered with green bushes with a hazy light blue sky
5EFJQ4PSQS0K.jpg,rounded hill in a green mossy terrain with a grey sky streaked with white clouds
5EJSETTTT4KJ.jpg,dark rocky hill with snow scattered around and a blue sky covered with a thick puffy white cloud
5G9G1M4EH6I2.jpg,white rocky hills covered with snow trails and trees and a hazy light blue sky
5JDNT422Y72M.jpg,dark rocky hill covered with green moss and scatted with snow with a grey sky with a cloud on the hill
5K9ZPACAO34P.jpg,two layers of hill covered with dark green moss and a clear light blue sky
9K8Z3UQCUVYB.jpg,road in the foreground leading to a hill in the background and the sky is light blue with a big white cloud
9L9ZRV4J7JD5.jpg,the hills are rocky and green and the sky is light blue with scattered white clouds
9LQ3YBA8VOLW.jpg,snow capped hills with greenery in the foreground and a blue sky with a lot of clouds
9P10D5J3OPNC.jpg,cloud covered rocky hill with pine trees in the foreground and white cloudy skies
9PCT4Q4V5XLR.jpg,three layers of hills with trees in the foreground and a light blue sky with clouds
9Q1L7MYTCDSY.jpg,snow capped hills whihc have a little brown peaking through with a light blue clear skies
9Q9S3ZVVNSGN.jpg,one rocky hill with a little snow and dry vegetation in the foreground and the sky is light blue with very light scattering of clouds
9R2DK78QMTSR.jpg,grey hills covered lightly in snow with green mossy plains in the foreground with clear blue skies
9SN8E3YDHA6O.jpg,light green hills with a little melting snow and rocks pine trees in the foreground with white cloudy skies
9TR07BS8W5EO.jpg,dark hills with a little snow and a blue sky mostly covered with white clouds
9ULG5L9EPRG3.jpg,snow capped flat hills with clear blue skies
9USAO4NPDH8F.jpg,rock tower with a muddy orange path beside it and a clear blue with lightly fluffy clouds
9WJ8UFCO265Y.jpg,green hills with a very light blue sky
9YT4NMG5CTPE.jpg,orange brown rocky hills with dark stormy clouds
13MX2AZU4VB6.jpg,cloud covered snowy hills with pine trees and a plain in the foreground and the sky is clear and light blue
18G0BRHYKQJO.jpg,faded hills due to mist with a rocky foreground with vegetation with a clear gradient skies with a tinge of orange
19E8OA99W6WJ.jpg,big white hill covered in snow surrounded by smaller snow capped hills with azure skies
20E6RPE2TBO7.jpg,green hills to the left and rocky slightly snowy hills to the right with clear white skies
21W9HHU37PER.jpg,rocky dark hill with a little snow in the foreground and hill ranges with clouds in the background with clear white skies
26CSWEKTG1V7.jpg,dark rocky hill covered in snow and fluffy clouds with fluffy white cloud with dark blue sky
26I79HKYS5ON.jpg,green plains in the foreground  with small hill in the distance with a very light blue sky with scattered clouds
26ZJ0MLQBUHQ.jpg,brown rocky hills in the background with grassland in the foreground with a few pine trees with a light blue skies mostly covered with clouds
27T11DEK1FA1.jpg,rocky trail in the mud leading upto hills in the background and cloudy skies with a little blue
29BRUM5TQUQA.jpg,snow covered plain with pine trees and blue skies with light white clouds
30MZ37GI2NZJ.jpg,rocky white hills in the distance forest of pine trees in the front of them with a sky that is clear blue
32OD8G15107X.jpg,dark rocky hill with a little snow and pine trees in foreground with white cloudy skies
34AJIKTT3KU9.jpg,rocky hill covered in moss with green plains in the far background and a sky that is clear blue
36DRZ93WJK0T.jpg,dark hills in the distance with trees and grasslands in the foreground and a cloudy sky with ribbon like clouds
37FICWFF3FMR.jpg,rocky hills int he distance covered with clouds and pine forest in the foreground and a sky is light blue with big fluffy clouds
37RRQKDU6MCG.jpg,gradient blue hill ranges covered in mist and fog with a few darker hills in the foreground and a clear slightly dark blue skies
38YO55BC8YQ4.jpg,snow capped hill with grasslands and pine trees in the foreground with a clear blue skies
44V3FU1GYGIA.jpg,green-blue hill ranges with a orange white cloudy skies
50O1ITLNOK7D.jpg,boulder like rocky hills covered in grass and moss with a grass patch in the foreground with clear blue skies
50ZZUWYKGONT.jpg,grasslands leading upto rocky hills with clear blue skies
0000018.png,blurry blue hills and dark trees
6BLNCGLN3T4P.jpg,rocky hills in the distance and green covered hills in the forefront with blue cloudy skies
0072878.png,brown rocky mountains with light brown and dark brown gradients and faded hill in the distance and a clear blue sky
0050566.png,snow capped mountain with a little greenery at the bottom with clear white skies
6HGAZGKV8DB3.jpg,snow capped hills in the distance with snow and foliage in the forefront and clear blue skies
0050982.png,green pastures leading up to a green hill with a stormy dark sky
0050981.png,rocky brown hill with sparsed vegetation and a light blue clear sky
06SWFA8XYRFU.jpg,green hills leading to dark hills with a clear blue sky
0051068.png,brown hill in the forefront and a hill covered with clouds behind it with white cloudy skies
0051030.png,green and rocky mountains with a clear blue sky
6JWREFT0B2KG.jpg,brown rocky hills and a clear blue sky with a small cloud
5Z5SDJHGM7DA.jpg,green low lying hills with cloudy skies
0050995.png,dark green hills with a warm white sky
06QRXVG2WWCO.jpg,snow covered mountain witha  blue sky which has orange clouds so sunrise or sunset
0051045.png,sandy brown terrain leading upto a low lying sandy brown hill with blue skies with scattered clouds
5WMK6US64ONV.jpg,white snow covered mountain covered with light wispy clouds and blue skies
5MK4YDP9BNL2.jpg,white snow capped hills covered with fog and clouds and a dark white cloudy sky
5RW4MO879UES.jpg,green foliage covered hills in the foreground and a cloud covered mountain in the distance and a white cloudy sky
0051044.png,rocky grey mountain lightly covered in snow with dark blue skies and scattered clouds
0051042.png,light grey hills with light foliage and clear blue sky
0050562.png,green trees in the foreground and dark grey mountians and a clear blue sky
0051013.png,green fields in the foreground with dark grey hill covered in clouds
6MTT9C9WRCLS.jpg,green fields in the foreground with a dark grey hill and a sky with dark grey white clouds
6MUMOCUVSO07.jpg,white hill with crisp clear blue skies
6J54GSNKO5GD.jpg,low lying regions of the hill has greenery and the top part is covered in snow and a light blue sky with clouds
0050998.png,snow and cloud covered mountains with a light blue sky
6B7AQ60KY99V.jpg,dark grey olive green rocky mountain covered in snow and light grey clouds
0051064.png,greenery in the foreground with hills with orange light in the background with clear skies
5VY4X5VJTT81.jpg,fog covered light brown hill with clear cloudy skies
0051063.png,grey hills with clouds and foliage and a clear blue sky
0050988.png,greenery covered hills with dark grey sky
6HU37VMQOI5U.jpg,light grey hills covered in light foliage with a pink purple sky sunrise or sunset
6A1V68IT3VQR.jpg,dark grey base in the forefront and a grey hill in the back with light snow on the tops with a clear blue sky
6HERO9L7KVX7.jpg,dark hills with pine trees silhouttes in the front and a light orange sky sunrise or sunset
5TL0VMOB5AGB.jpg,light grey hills covered in snow with a light clue purple sky covered in clouds
0051038.png,grey hills with pine trees in the forefront and a vibrant blue sky with startrails
0051034.png,green hills with several shades of green and a clear blue sky
0051060.png,green hills with several shades of green and snow with a blue sky with clouds
0051011.png,green and grey hills and a cloudy sky
6HL8JGIOFSTU.jpg,light brown hills in the foreground with dark hills in the background with a light blue sky
0050564.png,one dark green grey hill with light blue sky
5QK7QHI1D0IG.jpg,light brown hill with foliage in the foreground and dark stormy clouds
0051032.png,hills with a brownish red gradient and the hills fade as we go away
0051047.png,low lying green brown hills lined with clouds and a clear blue sky
6JL86R9RPFL9.jpg,olive green hills with a light blue sky with clouds
0051041.png,snow covered ground leads to a snow covered hill with teal blue skies with light clouds
5PU6YTMHCIJ4.jpg,hills covered with greenery
0051046.png,light green hills and a cloudy white sky
6LW9MPEW5TD4.jpg,green low lying hills with a clear light cloudy sky
0051014.png,light yellow brown hills with pine trees and foliage in the foreground and a light blue sky
6IDKT9U9TE1P.jpg,hills in the shades of blue with a light blue clear sky
5OPJS4RDE4FF.jpg,green hills and a cloudy white sky
6K0LCJU3T26W.jpg,light brown hills with scattered foliage
0051020.png,grey hill with a light green foliage with blue skies
5LPKI358J7HB.jpg,greenish blue hill with cloudy sky
